<?xml version="1.0" encoding="UTF-8"?>
<MF0 version="1.1" packageUris="http://schema.mathworks.com/mf0/ci/19700101 http://schema.mathworks.com/mf0/sl_modelref_info/R2022b http://schema.mathworks.com/mf0/slexec_mm_sto/R2022b_202202091112 http://schema.mathworks.com/mf0/sltp_mm/R2022b_202203181029">
  <ModelRefInfoRepo.ModelRefInfoRoot type="ModelRefInfoRepo.ModelRefInfoRoot" uuid="7dfd4405-2b1c-46df-9254-c07adbbcf72d">
    <JITEngines>sGzPKRy3k4ECPppfixjmZ6C</JITEngines>
    <JITEngines>sMerPSULBLlZPEnS4LckbBG</JITEngines>
    <childModelRefInfo type="ModelRefInfoRepo.ChildModelRefInfo" uuid="7d77876f-768c-48fe-bc1e-f3bbf8e6ed56">
      <modelName>controller</modelName>
      <modelPath>controller</modelPath>
    </childModelRefInfo>
    <compDerivCacheNeedsReset>false</compDerivCacheNeedsReset>
    <compToGrInputPortMaps type="ModelRefInfoRepo.GrCompIOPortMaps" uuid="338da6ff-1a20-48f0-b90c-429c667888cf">
      <grAndCompPorts>0</grAndCompPorts>
      <grAndCompPorts>0</grAndCompPorts>
    </compToGrInputPortMaps>
    <compToGrInputPortMaps type="ModelRefInfoRepo.GrCompIOPortMaps" uuid="c96f3950-1a13-4460-8b36-135c689d27fc">
      <grAndCompPorts>1</grAndCompPorts>
      <grAndCompPorts>1</grAndCompPorts>
    </compToGrInputPortMaps>
    <compToGrInputPortMaps type="ModelRefInfoRepo.GrCompIOPortMaps" uuid="482fcce2-e6cb-452a-8525-1639ea638710">
      <grAndCompPorts>2</grAndCompPorts>
      <grAndCompPorts>2</grAndCompPorts>
    </compToGrInputPortMaps>
    <compToGrInputPortMaps type="ModelRefInfoRepo.GrCompIOPortMaps" uuid="230a347c-c910-47c5-8aa3-9c841506499a">
      <grAndCompPorts>3</grAndCompPorts>
      <grAndCompPorts>3</grAndCompPorts>
    </compToGrInputPortMaps>
    <compToGrInputPortMaps type="ModelRefInfoRepo.GrCompIOPortMaps" uuid="334343e5-5bd3-478d-9b4a-25af032d6cf9">
      <grAndCompPorts>4</grAndCompPorts>
      <grAndCompPorts>4</grAndCompPorts>
    </compToGrInputPortMaps>
    <compToGrInputPortMaps type="ModelRefInfoRepo.GrCompIOPortMaps" uuid="ff9ae83c-c05c-4a0c-b7fe-27975ef6aece">
      <grAndCompPorts>5</grAndCompPorts>
      <grAndCompPorts>5</grAndCompPorts>
    </compToGrInputPortMaps>
    <compToGrOutputPortMaps type="ModelRefInfoRepo.GrCompIOPortMaps" uuid="f0396957-5e04-4d97-8edf-a77aa18ef4b3">
      <grAndCompPorts>0</grAndCompPorts>
      <grAndCompPorts>0</grAndCompPorts>
    </compToGrOutputPortMaps>
    <compToGrOutputPortMaps type="ModelRefInfoRepo.GrCompIOPortMaps" uuid="3fe42a47-7228-450c-aac2-7b5a351742da">
      <grAndCompPorts>1</grAndCompPorts>
      <grAndCompPorts>1</grAndCompPorts>
    </compToGrOutputPortMaps>
    <compToGrOutputPortMaps type="ModelRefInfoRepo.GrCompIOPortMaps" uuid="e3ab0b6c-86e8-4299-9bdf-5703add64754">
      <grAndCompPorts>2</grAndCompPorts>
      <grAndCompPorts>2</grAndCompPorts>
    </compToGrOutputPortMaps>
    <compZcCacheNeedsReset>false</compZcCacheNeedsReset>
    <dataTransferInfos>AAFJTQAAAAAOAAAAOAAAAAYAAAAIAAAAAgAAAAAAAAAFAAAACAAAAAAAAAABAAAAAQAAAAAAAAAFAAQAAQAAAAEAAAAAAAAA</dataTransferInfos>
    <defaultsCMapping>{&quot;Inports&quot;:&quot;{\&quot;Name\&quot;:\&quot;Default\&quot;,\&quot;Checksum\&quot;:\&quot;Default\&quot;,\&quot;PerInstancePropertiesChecksum\&quot;:\&quot;\&quot;,\&quot;MemorySectionName\&quot;:\&quot;\&quot;,\&quot;MemorySectionChecksum\&quot;:\&quot;\&quot;}&quot;,&quot;Outports&quot;:&quot;{\&quot;Name\&quot;:\&quot;Default\&quot;,\&quot;Checksum\&quot;:\&quot;Default\&quot;,\&quot;PerInstancePropertiesChecksum\&quot;:\&quot;\&quot;,\&quot;MemorySectionName\&quot;:\&quot;\&quot;,\&quot;MemorySectionChecksum\&quot;:\&quot;\&quot;}&quot;,&quot;ParameterArguments&quot;:&quot;{\&quot;Name\&quot;:\&quot;Default\&quot;,\&quot;Checksum\&quot;:\&quot;Default\&quot;,\&quot;PerInstancePropertiesChecksum\&quot;:\&quot;\&quot;,\&quot;MemorySectionName\&quot;:\&quot;None\&quot;,\&quot;MemorySectionChecksum\&quot;:\&quot;None\&quot;}&quot;,&quot;LocalParameters&quot;:&quot;{\&quot;Name\&quot;:\&quot;Default\&quot;,\&quot;Checksum\&quot;:\&quot;Default\&quot;,\&quot;PerInstancePropertiesChecksum\&quot;:\&quot;\&quot;,\&quot;MemorySectionName\&quot;:\&quot;\&quot;,\&quot;MemorySectionChecksum\&quot;:\&quot;\&quot;}&quot;,&quot;GlobalParameters&quot;:&quot;{\&quot;Name\&quot;:\&quot;Default\&quot;,\&quot;Checksum\&quot;:\&quot;Default\&quot;,\&quot;PerInstancePropertiesChecksum\&quot;:\&quot;\&quot;,\&quot;MemorySectionName\&quot;:\&quot;\&quot;,\&quot;MemorySectionChecksum\&quot;:\&quot;\&quot;}&quot;,&quot;InternalData&quot;:&quot;{\&quot;Name\&quot;:\&quot;Default\&quot;,\&quot;Checksum\&quot;:\&quot;Default\&quot;,\&quot;PerInstancePropertiesChecksum\&quot;:\&quot;\&quot;,\&quot;MemorySectionName\&quot;:\&quot;\&quot;,\&quot;MemorySectionChecksum\&quot;:\&quot;\&quot;}&quot;,&quot;SharedLocalDataStores&quot;:&quot;{\&quot;Name\&quot;:\&quot;Default\&quot;,\&quot;Checksum\&quot;:\&quot;Default\&quot;,\&quot;PerInstancePropertiesChecksum\&quot;:\&quot;\&quot;,\&quot;MemorySectionName\&quot;:\&quot;None\&quot;,\&quot;MemorySectionChecksum\&quot;:\&quot;None\&quot;}&quot;,&quot;GlobalDataStores&quot;:&quot;{\&quot;Name\&quot;:\&quot;Default\&quot;,\&quot;Checksum\&quot;:\&quot;Default\&quot;,\&quot;PerInstancePropertiesChecksum\&quot;:\&quot;\&quot;,\&quot;MemorySectionName\&quot;:\&quot;None\&quot;,\&quot;MemorySectionChecksum\&quot;:\&quot;None\&quot;}&quot;,&quot;Constants&quot;:&quot;{\&quot;Name\&quot;:\&quot;Default\&quot;,\&quot;Checksum\&quot;:\&quot;Default\&quot;,\&quot;PerInstancePropertiesChecksum\&quot;:\&quot;\&quot;,\&quot;MemorySectionName\&quot;:\&quot;\&quot;,\&quot;MemorySectionChecksum\&quot;:\&quot;\&quot;}&quot;,&quot;DataTransfers&quot;:&quot;{\&quot;Name\&quot;:\&quot;Default\&quot;,\&quot;Checksum\&quot;:\&quot;Default\&quot;,\&quot;PerInstancePropertiesChecksum\&quot;:\&quot;\&quot;,\&quot;MemorySectionName\&quot;:\&quot;None\&quot;,\&quot;MemorySectionChecksum\&quot;:\&quot;None\&quot;}&quot;,&quot;ModelData&quot;:&quot;{\&quot;Name\&quot;:\&quot;Default\&quot;,\&quot;Checksum\&quot;:\&quot;Default\&quot;,\&quot;PerInstancePropertiesChecksum\&quot;:\&quot;\&quot;,\&quot;MemorySectionName\&quot;:\&quot;None\&quot;,\&quot;MemorySectionChecksum\&quot;:\&quot;None\&quot;}&quot;,&quot;InitializeTerminate&quot;:&quot;{\&quot;Name\&quot;:\&quot;Default\&quot;,\&quot;Checksum\&quot;:\&quot;Default\&quot;,\&quot;PerInstancePropertiesChecksum\&quot;:\&quot;\&quot;,\&quot;MemorySectionName\&quot;:\&quot;\&quot;,\&quot;MemorySectionChecksum\&quot;:\&quot;\&quot;}&quot;,&quot;Execution&quot;:&quot;{\&quot;Name\&quot;:\&quot;Default\&quot;,\&quot;Checksum\&quot;:\&quot;Default\&quot;,\&quot;PerInstancePropertiesChecksum\&quot;:\&quot;\&quot;,\&quot;MemorySectionName\&quot;:\&quot;\&quot;,\&quot;MemorySectionChecksum\&quot;:\&quot;\&quot;}&quot;,&quot;SharedUtility&quot;:&quot;{\&quot;Name\&quot;:\&quot;Default\&quot;,\&quot;Checksum\&quot;:\&quot;Default\&quot;,\&quot;PerInstancePropertiesChecksum\&quot;:\&quot;\&quot;,\&quot;MemorySectionName\&quot;:\&quot;\&quot;,\&quot;MemorySectionChecksum\&quot;:\&quot;\&quot;}&quot;}</defaultsCMapping>
    <fundamentalSampleTimePeriod>.01</fundamentalSampleTimePeriod>
    <globalVariables>MAX_TORQUE</globalVariables>
    <globalVariables>MAX_TORQUE_REVERSE</globalVariables>
    <grToCompInputPortsMaps type="ModelRefInfoRepo.GrCompIOPortMaps" uuid="e674fa10-ce86-4fc9-bf9a-45ae5aaaf6a4">
      <grAndCompPorts>0</grAndCompPorts>
      <grAndCompPorts>0</grAndCompPorts>
    </grToCompInputPortsMaps>
    <grToCompInputPortsMaps type="ModelRefInfoRepo.GrCompIOPortMaps" uuid="764c9706-0fa1-4d66-9821-a6cd21eaa413">
      <grAndCompPorts>1</grAndCompPorts>
      <grAndCompPorts>1</grAndCompPorts>
    </grToCompInputPortsMaps>
    <grToCompInputPortsMaps type="ModelRefInfoRepo.GrCompIOPortMaps" uuid="8a858a3d-8093-4061-8417-28b47a9ec28c">
      <grAndCompPorts>2</grAndCompPorts>
      <grAndCompPorts>2</grAndCompPorts>
    </grToCompInputPortsMaps>
    <grToCompInputPortsMaps type="ModelRefInfoRepo.GrCompIOPortMaps" uuid="96d3aaa0-4c1d-4f3d-bcf9-06b15d7e4ae7">
      <grAndCompPorts>3</grAndCompPorts>
      <grAndCompPorts>3</grAndCompPorts>
    </grToCompInputPortsMaps>
    <grToCompInputPortsMaps type="ModelRefInfoRepo.GrCompIOPortMaps" uuid="068707ab-6a5b-4f2d-81df-bb987d1f899e">
      <grAndCompPorts>4</grAndCompPorts>
      <grAndCompPorts>4</grAndCompPorts>
    </grToCompInputPortsMaps>
    <grToCompInputPortsMaps type="ModelRefInfoRepo.GrCompIOPortMaps" uuid="2230f029-88fa-4305-a4c3-aa1c8111d74a">
      <grAndCompPorts>5</grAndCompPorts>
      <grAndCompPorts>5</grAndCompPorts>
    </grToCompInputPortsMaps>
    <grToCompOutputPortsMaps type="ModelRefInfoRepo.GrCompIOPortMaps" uuid="4af27c1e-e715-490e-877a-e6021c5d9126">
      <grAndCompPorts>0</grAndCompPorts>
      <grAndCompPorts>0</grAndCompPorts>
    </grToCompOutputPortsMaps>
    <grToCompOutputPortsMaps type="ModelRefInfoRepo.GrCompIOPortMaps" uuid="35d389a7-8d0f-485b-ae5e-d54ba3d40682">
      <grAndCompPorts>1</grAndCompPorts>
      <grAndCompPorts>1</grAndCompPorts>
    </grToCompOutputPortsMaps>
    <grToCompOutputPortsMaps type="ModelRefInfoRepo.GrCompIOPortMaps" uuid="6ffcbc04-cb73-421a-81fe-ed289442c78a">
      <grAndCompPorts>2</grAndCompPorts>
      <grAndCompPorts>2</grAndCompPorts>
    </grToCompOutputPortsMaps>
    <hasBlockWithPeriodicDiscreteSampleTime>true</hasBlockWithPeriodicDiscreteSampleTime>
    <hasBwsAccessed>true</hasBwsAccessed>
    <hasBwsAccessedByAnyModel>true</hasBwsAccessedByAnyModel>
    <hasConstantOutput>false</hasConstantOutput>
    <hasModelWideEventTs>false</hasModelWideEventTs>
    <hasStatesModifiedInOutputUpdate>true</hasStatesModifiedInOutputUpdate>
    <inports type="ModelRefInfoRepo.InportInformation" uuid="4b82f0fc-a970-4069-b3d1-31edef92bda1">
      <isNotDerivPort>true</isNotDerivPort>
      <designMax>inf</designMax>
      <designMin>-inf</designMin>
      <indexType>2</indexType>
      <rateInfos type="ModelRefInfoRepo.RateInfo">
        <compiled>true</compiled>
        <nonFcnCallPartitionName>D1</nonFcnCallPartitionName>
        <period>.01</period>
        <priority>40</priority>
        <rateIdx>0</rateIdx>
      </rateInfos>
      <resolvedSignalObject></resolvedSignalObject>
      <executionInterface type="ModelRefInfoRepo.InputExecutionInterface" uuid="a9beeff4-ce2d-47a8-9569-3b27f702edc7"/>
      <sigNameToEMVCEMap type="ModelRefInfoRepo.SigNameEMVCEInfo" uuid="4b6d4d7f-c4e0-4f70-8bb3-3233c88148d9"/>
    </inports>
    <inports type="ModelRefInfoRepo.InportInformation" uuid="56e13e6f-6c5f-4f8f-8f1f-0438ec8ed7a6">
      <isNotDerivPort>true</isNotDerivPort>
      <designMax>inf</designMax>
      <designMin>-inf</designMin>
      <indexType>2</indexType>
      <originalPortNumber>1</originalPortNumber>
      <rateInfos type="ModelRefInfoRepo.RateInfo">
        <compiled>true</compiled>
        <nonFcnCallPartitionName>D1</nonFcnCallPartitionName>
        <period>.01</period>
        <priority>40</priority>
        <rateIdx>0</rateIdx>
      </rateInfos>
      <resolvedSignalObject></resolvedSignalObject>
      <executionInterface type="ModelRefInfoRepo.InputExecutionInterface" uuid="7bbbefb1-9665-4f3b-99de-ac48060bbc5f"/>
      <sigNameToEMVCEMap type="ModelRefInfoRepo.SigNameEMVCEInfo" uuid="b2e54a85-5b9f-45e4-b497-4f095d268c46"/>
    </inports>
    <inports type="ModelRefInfoRepo.InportInformation" uuid="f3a01d73-5551-425e-a117-9caa0b0a9640">
      <isNotDerivPort>true</isNotDerivPort>
      <designMax>inf</designMax>
      <designMin>-inf</designMin>
      <indexType>2</indexType>
      <originalPortNumber>2</originalPortNumber>
      <rateInfos type="ModelRefInfoRepo.RateInfo">
        <compiled>true</compiled>
        <nonFcnCallPartitionName>D1</nonFcnCallPartitionName>
        <period>.01</period>
        <priority>40</priority>
        <rateIdx>0</rateIdx>
      </rateInfos>
      <resolvedSignalObject></resolvedSignalObject>
      <executionInterface type="ModelRefInfoRepo.InputExecutionInterface" uuid="ed70e869-f173-45b4-ac07-2c9db5cab90f"/>
      <sigNameToEMVCEMap type="ModelRefInfoRepo.SigNameEMVCEInfo" uuid="444d25c7-d31a-405e-a734-a5d1c0c2791d"/>
    </inports>
    <inports type="ModelRefInfoRepo.InportInformation" uuid="083f50ab-5d1e-4baa-a420-1598eefdef2f">
      <isNotDerivPort>true</isNotDerivPort>
      <designMax>inf</designMax>
      <designMin>-inf</designMin>
      <indexType>2</indexType>
      <originalPortNumber>3</originalPortNumber>
      <rateInfos type="ModelRefInfoRepo.RateInfo">
        <compiled>true</compiled>
        <nonFcnCallPartitionName>D1</nonFcnCallPartitionName>
        <period>.01</period>
        <priority>40</priority>
        <rateIdx>0</rateIdx>
      </rateInfos>
      <resolvedSignalObject></resolvedSignalObject>
      <executionInterface type="ModelRefInfoRepo.InputExecutionInterface" uuid="4f8b2a48-852b-4bae-aad2-a5e7cc4fc5e1"/>
      <sigNameToEMVCEMap type="ModelRefInfoRepo.SigNameEMVCEInfo" uuid="6decad74-83fc-46b4-925d-dfc4c0fb13eb"/>
    </inports>
    <inports type="ModelRefInfoRepo.InportInformation" uuid="7ca0f7df-6acf-4816-bd8e-3b3062f62aba">
      <isNotDerivPort>true</isNotDerivPort>
      <designMax>inf</designMax>
      <designMin>-inf</designMin>
      <indexType>2</indexType>
      <originalPortNumber>4</originalPortNumber>
      <rateInfos type="ModelRefInfoRepo.RateInfo">
        <compiled>true</compiled>
        <nonFcnCallPartitionName>D1</nonFcnCallPartitionName>
        <period>.01</period>
        <priority>40</priority>
        <rateIdx>0</rateIdx>
      </rateInfos>
      <resolvedSignalObject></resolvedSignalObject>
      <executionInterface type="ModelRefInfoRepo.InputExecutionInterface" uuid="413337d7-024b-490d-9f5d-fa5d50b7301f"/>
      <sigNameToEMVCEMap type="ModelRefInfoRepo.SigNameEMVCEInfo" uuid="b061c607-4e83-4282-bbef-d0e75391a6d5"/>
    </inports>
    <inports type="ModelRefInfoRepo.InportInformation" uuid="df55a8c3-d765-4c92-a69a-9838dff250b7">
      <isNotDerivPort>true</isNotDerivPort>
      <designMax>inf</designMax>
      <designMin>-inf</designMin>
      <indexType>2</indexType>
      <originalPortNumber>5</originalPortNumber>
      <rateInfos type="ModelRefInfoRepo.RateInfo">
        <compiled>true</compiled>
        <nonFcnCallPartitionName>D1</nonFcnCallPartitionName>
        <period>.01</period>
        <priority>40</priority>
        <rateIdx>0</rateIdx>
      </rateInfos>
      <resolvedSignalObject></resolvedSignalObject>
      <executionInterface type="ModelRefInfoRepo.InputExecutionInterface" uuid="b3c1fb02-6f38-4fb5-971c-14247556d766"/>
      <sigNameToEMVCEMap type="ModelRefInfoRepo.SigNameEMVCEInfo" uuid="e84ea017-16b1-49af-b894-33535b39cbcf"/>
    </inports>
    <isAperiodicRootFcnCallSystem>false</isAperiodicRootFcnCallSystem>
    <isBdInSimModeForSimCodegenVariants>false</isBdInSimModeForSimCodegenVariants>
    <isOrigInportVirtualBus>false</isOrigInportVirtualBus>
    <isOrigInportVirtualBus>false</isOrigInportVirtualBus>
    <isOrigInportVirtualBus>false</isOrigInportVirtualBus>
    <isOrigInportVirtualBus>false</isOrigInportVirtualBus>
    <isOrigInportVirtualBus>false</isOrigInportVirtualBus>
    <isOrigInportVirtualBus>false</isOrigInportVirtualBus>
    <isOrigOutportVirtualBus>false</isOrigOutportVirtualBus>
    <isOrigOutportVirtualBus>false</isOrigOutportVirtualBus>
    <isOrigOutportVirtualBus>false</isOrigOutportVirtualBus>
    <isPreCompSingleRate>false</isPreCompSingleRate>
    <isRefModelConstant>false</isRefModelConstant>
    <isRootFcnCallPortGroupsEmpty>true</isRootFcnCallPortGroupsEmpty>
    <loggingSaveFormat>2</loggingSaveFormat>
    <maxFreqHz>-1.0</maxFreqHz>
    <numDataInputPorts>6</numDataInputPorts>
    <numLoggableJacobianDStates>0</numLoggableJacobianDStates>
    <numModelWideEventTs>0</numModelWideEventTs>
    <numPortlessSimulinkFunctionPortGroups>0</numPortlessSimulinkFunctionPortGroups>
    <numRuntimeExportedRates>1</numRuntimeExportedRates>
    <numTs>1</numTs>
    <origInportBusType></origInportBusType>
    <origInportBusType></origInportBusType>
    <origInportBusType></origInportBusType>
    <origInportBusType></origInportBusType>
    <origInportBusType></origInportBusType>
    <origInportBusType></origInportBusType>
    <origOutportBusOutputAsStruct>false</origOutportBusOutputAsStruct>
    <origOutportBusOutputAsStruct>false</origOutportBusOutputAsStruct>
    <origOutportBusOutputAsStruct>false</origOutportBusOutputAsStruct>
    <origOutportBusType></origOutportBusType>
    <origOutportBusType></origOutportBusType>
    <origOutportBusType></origOutportBusType>
    <outports type="ModelRefInfoRepo.OutportInformation" uuid="429158b6-d701-452d-9f11-712f1ac3bd78">
      <okToMerge>3</okToMerge>
      <designMax>inf</designMax>
      <designMin>-inf</designMin>
      <indexType>2</indexType>
      <rateInfos type="ModelRefInfoRepo.RateInfo">
        <compiled>true</compiled>
        <nonFcnCallPartitionName>D1</nonFcnCallPartitionName>
        <period>.01</period>
        <priority>40</priority>
        <rateIdx>0</rateIdx>
      </rateInfos>
      <resolvedSignalObject></resolvedSignalObject>
      <executionInterface type="ModelRefInfoRepo.OutputExecutionInterface" uuid="cdd2ebcc-74e0-4d68-96ba-324168b5760f"/>
      <sigNameToEMVCEMap type="ModelRefInfoRepo.SigNameEMVCEInfo" uuid="efe118dd-9c37-47eb-b21c-f97c8f95ae6e"/>
    </outports>
    <outports type="ModelRefInfoRepo.OutportInformation" uuid="780f7aa5-8c11-4591-ae80-e77bf8297a88">
      <okToMerge>3</okToMerge>
      <designMax>inf</designMax>
      <designMin>-inf</designMin>
      <indexType>2</indexType>
      <originalPortNumber>1</originalPortNumber>
      <rateInfos type="ModelRefInfoRepo.RateInfo">
        <compiled>true</compiled>
        <nonFcnCallPartitionName>D1</nonFcnCallPartitionName>
        <period>.01</period>
        <priority>40</priority>
        <rateIdx>0</rateIdx>
      </rateInfos>
      <resolvedSignalObject></resolvedSignalObject>
      <executionInterface type="ModelRefInfoRepo.OutputExecutionInterface" uuid="16458a0e-a9fe-4003-abd4-f01b4d9557da"/>
      <sigNameToEMVCEMap type="ModelRefInfoRepo.SigNameEMVCEInfo" uuid="d43de6c3-e25f-4c8a-844f-3d2c777efa73"/>
    </outports>
    <outports type="ModelRefInfoRepo.OutportInformation" uuid="8427cbda-4872-4c03-8864-f225df741d45">
      <DrivenByNonCondExecStateflow>true</DrivenByNonCondExecStateflow>
      <blkIOUpdatedInAnotherExecContext>true</blkIOUpdatedInAnotherExecContext>
      <computeICInFirstInitialize>true</computeICInFirstInitialize>
      <hasSystemInitMethod>true</hasSystemInitMethod>
      <isState>true</isState>
      <okToMerge>2</okToMerge>
      <srcHasMultiDsts>true</srcHasMultiDsts>
      <RTWSignalIdentifier>Error</RTWSignalIdentifier>
      <designMax>inf</designMax>
      <designMin>-inf</designMin>
      <indexType>2</indexType>
      <originalPortNumber>2</originalPortNumber>
      <rateInfos type="ModelRefInfoRepo.RateInfo">
        <compiled>true</compiled>
        <nonFcnCallPartitionName>D1</nonFcnCallPartitionName>
        <period>.01</period>
        <priority>40</priority>
        <rateIdx>0</rateIdx>
      </rateInfos>
      <resolvedSignalObject></resolvedSignalObject>
      <executionInterface type="ModelRefInfoRepo.OutputExecutionInterface" uuid="0e9c4ded-d09e-45a0-b643-55317eee7adf"/>
      <sigNameToEMVCEMap type="ModelRefInfoRepo.SigNameEMVCEInfo" uuid="9f39f97d-c828-4385-8ece-23da7871d578"/>
    </outports>
    <preCompAllowConstTsOnPorts>false</preCompAllowConstTsOnPorts>
    <preCompAllowPortBasedInTriggeredSS>false</preCompAllowPortBasedInTriggeredSS>
    <runtimeNonFcnCallRateInfos type="ModelRefInfoRepo.RateInfo">
      <compiled>true</compiled>
      <nonFcnCallPartitionName>D1</nonFcnCallPartitionName>
      <period>.01</period>
      <priority>40</priority>
      <rateIdx>0</rateIdx>
    </runtimeNonFcnCallRateInfos>
    <sampleTimeInheritanceRule>2</sampleTimeInheritanceRule>
    <solverStatusFlags>327</solverStatusFlags>
    <standaloneEnumInfos type="ModelRefInfoRepo.StandaloneEnumInfo" uuid="fc42fe6c-a4b2-473b-bc00-2d94acc599af">
      <defaultValue>Park</defaultValue>
      <enumName>TransmissionState</enumName>
      <labels>Park</labels>
      <labels>Reverse</labels>
      <labels>Neutral</labels>
      <labels>Drive</labels>
      <labels>Brake</labels>
      <storageType>int32</storageType>
      <values>0</values>
      <values>1</values>
      <values>2</values>
      <values>3</values>
      <values>4</values>
    </standaloneEnumInfos>
    <timingAndTaskingRegistry>&lt;?xml version=&quot;1.0&quot;?&gt;
&lt;slexec_sto version=&quot;1.1&quot; packageUris=&quot;http://schema.mathworks.com/mf0/slexec_mm_sto/R2022b_202202091112&quot;&gt;
  &lt;sto.Registry type=&quot;sto.Registry&quot; uuid=&quot;0d796b64-2c2b-4465-b2bd-569a3414ec50&quot;&gt;
    &lt;executionSpec&gt;Undetermined&lt;/executionSpec&gt;
    &lt;clockRegistry type=&quot;sto.ClockRegistry&quot; uuid=&quot;d7b75faf-b0c3-4a90-b2a3-aeec57d71607&quot;&gt;
      &lt;clocks type=&quot;sto.Timer&quot; uuid=&quot;eff23410-389f-4d1c-a314-47819d840ed7&quot;&gt;
        &lt;clockTickConstraint&gt;PeriodicWithFixedResolution&lt;/clockTickConstraint&gt;
        &lt;computedFundamentalDiscretePeriod&gt;.01&lt;/computedFundamentalDiscretePeriod&gt;
        &lt;resolution&gt;.01&lt;/resolution&gt;
        &lt;timeAdvanceMode&gt;FixedStep&lt;/timeAdvanceMode&gt;
        &lt;rates type=&quot;sto.ClassicPeriodicDiscreteRate&quot; uuid=&quot;0dea16eb-712c-4285-88ed-2f8d765bd1c3&quot;&gt;
          &lt;annotation&gt;D1&lt;/annotation&gt;
          &lt;colorIndex&gt;2&lt;/colorIndex&gt;
          &lt;description&gt;Discrete 1&lt;/description&gt;
          &lt;taskId&gt;_task0&lt;/taskId&gt;
          &lt;rateSpec type=&quot;sto.RateSpec&quot; uuid=&quot;8a0ca15a-fa8d-4cf3-84bb-bee7f49ad301&quot;&gt;
            &lt;period&gt;.01&lt;/period&gt;
            &lt;rateType&gt;ClassicPeriodicDiscrete&lt;/rateType&gt;
          &lt;/rateSpec&gt;
        &lt;/rates&gt;
        &lt;baseRate type=&quot;sto.ClassicPeriodicDiscreteRate&quot; uuid=&quot;4e002b9e-c970-444d-a9d2-214d51a18bf9&quot;&gt;
          &lt;annotation&gt;D1&lt;/annotation&gt;
          &lt;colorIndex&gt;2&lt;/colorIndex&gt;
          &lt;description&gt;Discrete 1&lt;/description&gt;
          &lt;taskId&gt;_task0&lt;/taskId&gt;
          &lt;rateSpec type=&quot;sto.RateSpec&quot; uuid=&quot;ca098258-83fa-406b-8a08-456b1c61ca64&quot;&gt;
            &lt;period&gt;.01&lt;/period&gt;
            &lt;rateType&gt;ClassicPeriodicDiscrete&lt;/rateType&gt;
          &lt;/rateSpec&gt;
        &lt;/baseRate&gt;
      &lt;/clocks&gt;
      &lt;timeAdvanceMode&gt;FixedStep&lt;/timeAdvanceMode&gt;
    &lt;/clockRegistry&gt;
    &lt;taskRegistry type=&quot;sto.TaskRegistry&quot; uuid=&quot;8650d349-be60-4418-89cc-30c5a4c4d524&quot;&gt;
      &lt;rootTaskHierarchyElements type=&quot;sto.Task&quot; uuid=&quot;a540f125-5144-4fdd-b2ff-bf7d80966e3c&quot;&gt;
        &lt;isExecutable&gt;true&lt;/isExecutable&gt;
        &lt;orderIndex&gt;1&lt;/orderIndex&gt;
        &lt;rates type=&quot;sto.ClassicPeriodicDiscreteRate&quot; uuid=&quot;fb716485-317d-4080-8f47-6e84842f1e88&quot;&gt;
          &lt;annotation&gt;D1&lt;/annotation&gt;
          &lt;colorIndex&gt;2&lt;/colorIndex&gt;
          &lt;description&gt;Discrete 1&lt;/description&gt;
          &lt;taskId&gt;_task0&lt;/taskId&gt;
          &lt;rateSpec type=&quot;sto.RateSpec&quot; uuid=&quot;c8405845-bcca-49ea-a6f0-2df4cf9169f6&quot;&gt;
            &lt;period&gt;.01&lt;/period&gt;
            &lt;rateType&gt;ClassicPeriodicDiscrete&lt;/rateType&gt;
          &lt;/rateSpec&gt;
        &lt;/rates&gt;
        &lt;elementType&gt;Task&lt;/elementType&gt;
        &lt;identifier&gt;_task0&lt;/identifier&gt;
        &lt;priority&gt;40&lt;/priority&gt;
      &lt;/rootTaskHierarchyElements&gt;
      &lt;taskDependencyGraph type=&quot;sto.SerializedTaskConnectionList&quot; uuid=&quot;369f3436-c641-4e0e-935e-4ca020ef6e0e&quot;&gt;
        &lt;taskIdentifier&gt;_task0&lt;/taskIdentifier&gt;
      &lt;/taskDependencyGraph&gt;
      &lt;taskPriorityDirection&gt;HighNumberLast&lt;/taskPriorityDirection&gt;
    &lt;/taskRegistry&gt;
  &lt;/sto.Registry&gt;
&lt;/slexec_sto&gt;</timingAndTaskingRegistry>
    <usePortBasedSampleTime>true</usePortBasedSampleTime>
    <userSpecifiedFixedStepSize>.01</userSpecifiedFixedStepSize>
    <FMUBlockMap type="ModelRefInfoRepo.FMUBlockInfo" uuid="cfbf9801-4b54-4d3c-8b48-e4727ce748c3"/>
    <codeGenInfo type="ModelRefInfoRepo.CodeGenInformation" uuid="11477664-66d5-48f2-8670-a9003d7e392c">
      <DWorkTypeName>MdlrefDW_controller_T</DWorkTypeName>
    </codeGenInfo>
    <compiledVariantInfos type="ModelRefInfoRepo.CompiledVariantInfoMap" uuid="f0551cb3-822c-4e7f-bf53-e1dac3476b37"/>
    <configSettingsForConsistencyChecks type="ModelRefInfoRepo.ConfigSettingsForConsistencyChecks" uuid="09418511-8ae8-44bc-835d-6022a2b213d3">
      <consistentOutportInitialization>true</consistentOutportInitialization>
      <fixedStepSize>.01</fixedStepSize>
      <frameDiagnosticSetting>2</frameDiagnosticSetting>
      <hasHybridSampleTime>true</hasHybridSampleTime>
      <signalLoggingSaveFormat>2</signalLoggingSaveFormat>
      <simSIMDOptimization>1</simSIMDOptimization>
      <solverName>FixedStepDiscrete</solverName>
      <solverType>SOLVER_TYPE_FIXEDSTEP</solverType>
      <hardwareSettings type="ModelRefInfoRepo.HardwareSettings" uuid="7192e761-8a38-4136-b194-e13f4ce51d8e">
        <prodBitPerChar>8</prodBitPerChar>
        <prodBitPerDouble>64</prodBitPerDouble>
        <prodBitPerFloat>32</prodBitPerFloat>
        <prodBitPerInt>32</prodBitPerInt>
        <prodBitPerLong>32</prodBitPerLong>
        <prodBitPerLongLong>64</prodBitPerLongLong>
        <prodBitPerPointer>64</prodBitPerPointer>
        <prodBitPerPtrDiffT>64</prodBitPerPtrDiffT>
        <prodBitPerShort>16</prodBitPerShort>
        <prodBitPerSizeT>64</prodBitPerSizeT>
        <prodEndianess>1</prodEndianess>
        <prodShiftRight>true</prodShiftRight>
        <prodWordSize>64</prodWordSize>
      </hardwareSettings>
    </configSettingsForConsistencyChecks>
    <controllableInputRatesMap type="ModelRefInfoRepo.VarTsUIDMap" uuid="2ca0b8b0-1cb7-491c-915b-bcfadeb83276"/>
    <controllableOutputRatesMap type="ModelRefInfoRepo.VarTsUIDMap" uuid="133c2ae1-c440-4198-a49b-6ed48d214c95"/>
    <dataPortGroup type="ModelRefInfoRepo.DataPortGroup" uuid="b85d5df7-afef-4a6a-a825-0d383c829922">
      <compDataInputPorts>0</compDataInputPorts>
      <compDataInputPorts>1</compDataInputPorts>
      <compDataInputPorts>2</compDataInputPorts>
      <compDataInputPorts>3</compDataInputPorts>
      <compDataInputPorts>4</compDataInputPorts>
      <compDataInputPorts>5</compDataInputPorts>
      <compDataOutputPorts>0</compDataOutputPorts>
      <compDataOutputPorts>1</compDataOutputPorts>
      <compDataOutputPorts>2</compDataOutputPorts>
      <dataInputPorts>0</dataInputPorts>
      <dataInputPorts>1</dataInputPorts>
      <dataInputPorts>2</dataInputPorts>
      <dataInputPorts>3</dataInputPorts>
      <dataInputPorts>4</dataInputPorts>
      <dataInputPorts>5</dataInputPorts>
      <dataOutputPorts>0</dataOutputPorts>
      <dataOutputPorts>1</dataOutputPorts>
      <dataOutputPorts>2</dataOutputPorts>
    </dataPortGroup>
    <expFcnUnconnectedDataPortGroup type="ModelRefInfoRepo.DataPortGroup" uuid="b55973ab-5aaa-41c1-9205-3941a685d018"/>
    <interfaceParameterInfo type="ModelRefInfoRepo.InterfaceParameterInfo" uuid="690c2721-be41-4538-ac2f-58623bdb5f5e">
      <globalVariables type="ModelRefInfoRepo.BuiltinParameter" uuid="1c9eed99-fead-47b8-9ebb-931397eaaaf9">
        <dimensions>1</dimensions>
        <dimensions>1</dimensions>
        <isUsed>true</isUsed>
        <numDimensions>2</numDimensions>
        <parameterName>MAX_TORQUE</parameterName>
      </globalVariables>
      <globalVariables type="ModelRefInfoRepo.BuiltinParameter" uuid="7f0a650f-7d20-4e89-ae20-ffad291e9a46">
        <dimensions>1</dimensions>
        <dimensions>1</dimensions>
        <isUsed>true</isUsed>
        <numDimensions>2</numDimensions>
        <parameterName>MAX_TORQUE_REVERSE</parameterName>
      </globalVariables>
    </interfaceParameterInfo>
    <messageInfo type="ModelRefInfoRepo.MessageInformation" uuid="cf24bd4f-62ee-4f8f-9ea4-731634bcb2f2"/>
    <methodInfo type="ModelRefInfoRepo.MethodExistenceInfo" uuid="7a021788-af7e-4558-9190-141026d8cc64">
      <hasDisableMethod>true</hasDisableMethod>
      <hasEnableMethod>true</hasEnableMethod>
      <hasSystemInitializeMethod>true</hasSystemInitializeMethod>
      <hasSystemResetMethod>true</hasSystemResetMethod>
      <hasTerminateMethod>true</hasTerminateMethod>
    </methodInfo>
    <periodicEventPortUnsupportedBlockInfo type="ModelRefInfoRepo.PeriodicEventPortUnsupportedBlockInfo" uuid="ac7180dd-17a0-4b29-a715-9924362d8b2d"/>
    <portGroupsRequireSameRate type="ModelRefInfoRepo.PortGroupsRequireSameRate" uuid="8aa204b3-d8d8-4ac7-9048-4ec935b15f68">
      <DSMPortGroups type="ModelRefInfoRepo.NameToPortGroupIdxVectMap" uuid="5f5aad5c-5339-4cf9-9952-4d2374d16097"/>
      <GlobalDSMPortGroups type="ModelRefInfoRepo.NameToPortGroupIdxVectMap" uuid="6a72bacf-d9b3-47d3-b2e7-c030894a9bc6"/>
      <mergedPortGroups type="ModelRefInfoRepo.NameToPortGroupIdxVectMap" uuid="7256c598-93dc-4e50-b3b4-f23133599ef9"/>
    </portGroupsRequireSameRate>
    <rateBasedMdlGlobalDSMRateSpec type="ModelRefInfoRepo.GlobalDSMRateSpecMap" uuid="3156f0dd-4581-44d5-a555-7711e1dba8fd"/>
    <rateSpecOfGlobalDSMAccessedByDescExpFcnMdlMap type="ModelRefInfoRepo.GlobalDSMRateSpecMap" uuid="f7635913-4891-4b52-9f11-f5e2eb9a12d0"/>
    <rootBlockDiagramInterface type="ci.Model" uuid="73187b4a-723b-4ed4-a2e8-bf9a8e85942b">
      <p_RootComponentInterface type="ci.ComponentInterface" uuid="25c52eab-02ef-4ffb-b1e2-ba53b85acfbe">
        <p_InputPorts type="ci.SignalInterface" uuid="5832d73c-99ca-432b-9d8d-413c90488aea">
          <p_ComputedNumericDimensions>1.0</p_ComputedNumericDimensions>
          <p_ComputedSampleTime>.01</p_ComputedSampleTime>
          <p_ComputedSampleTime>0.0</p_ComputedSampleTime>
          <p_ComputedType>boolean</p_ComputedType>
        </p_InputPorts>
        <p_InputPorts type="ci.SignalInterface" uuid="e196cac5-1460-42cf-8770-625270f160e2">
          <p_ComputedNumericDimensions>1.0</p_ComputedNumericDimensions>
          <p_ComputedSampleTime>.01</p_ComputedSampleTime>
          <p_ComputedSampleTime>0.0</p_ComputedSampleTime>
          <p_ComputedType>single</p_ComputedType>
        </p_InputPorts>
        <p_InputPorts type="ci.SignalInterface" uuid="a1baee8f-56b2-4eb3-850c-1d3c038a3a06">
          <p_ComputedNumericDimensions>1.0</p_ComputedNumericDimensions>
          <p_ComputedSampleTime>.01</p_ComputedSampleTime>
          <p_ComputedSampleTime>0.0</p_ComputedSampleTime>
          <p_ComputedType>TransmissionState</p_ComputedType>
        </p_InputPorts>
        <p_InputPorts type="ci.SignalInterface" uuid="b1a84d47-a7ed-4268-b2d8-bf31b121d75c">
          <p_ComputedNumericDimensions>1.0</p_ComputedNumericDimensions>
          <p_ComputedSampleTime>.01</p_ComputedSampleTime>
          <p_ComputedSampleTime>0.0</p_ComputedSampleTime>
          <p_ComputedType>boolean</p_ComputedType>
        </p_InputPorts>
        <p_InputPorts type="ci.SignalInterface" uuid="a9ba91b4-6102-4e20-b789-ef241c442b50">
          <p_ComputedNumericDimensions>1.0</p_ComputedNumericDimensions>
          <p_ComputedSampleTime>.01</p_ComputedSampleTime>
          <p_ComputedSampleTime>0.0</p_ComputedSampleTime>
          <p_ComputedType>single</p_ComputedType>
        </p_InputPorts>
        <p_InputPorts type="ci.SignalInterface" uuid="e1d99ba9-d724-4058-b98f-01f69d8e2215">
          <p_ComputedNumericDimensions>1.0</p_ComputedNumericDimensions>
          <p_ComputedSampleTime>.01</p_ComputedSampleTime>
          <p_ComputedSampleTime>0.0</p_ComputedSampleTime>
          <p_ComputedType>single</p_ComputedType>
          <p_ComputedUnit>km/h</p_ComputedUnit>
        </p_InputPorts>
        <p_Name>controller</p_Name>
        <p_OutputPorts type="ci.SignalInterface" uuid="0ac0dc4f-90d4-4b98-a3e1-7fe38fae8405">
          <p_ComputedNumericDimensions>1.0</p_ComputedNumericDimensions>
          <p_ComputedSampleTime>.01</p_ComputedSampleTime>
          <p_ComputedSampleTime>0.0</p_ComputedSampleTime>
          <p_ComputedType>single</p_ComputedType>
          <p_ComputedUnit>N*m</p_ComputedUnit>
        </p_OutputPorts>
        <p_OutputPorts type="ci.SignalInterface" uuid="cd5d4071-dd6b-4027-9fc6-1b922899c5ef">
          <p_ComputedNumericDimensions>1.0</p_ComputedNumericDimensions>
          <p_ComputedSampleTime>.01</p_ComputedSampleTime>
          <p_ComputedSampleTime>0.0</p_ComputedSampleTime>
          <p_ComputedType>TransmissionState</p_ComputedType>
        </p_OutputPorts>
        <p_OutputPorts type="ci.SignalInterface" uuid="dc0f2cc0-0fef-4b26-b832-067bdd93b5c1">
          <p_ComputedNumericDimensions>1.0</p_ComputedNumericDimensions>
          <p_ComputedSampleTime>.01</p_ComputedSampleTime>
          <p_ComputedSampleTime>0.0</p_ComputedSampleTime>
          <p_ComputedType>single</p_ComputedType>
        </p_OutputPorts>
        <p_Type>ROOT</p_Type>
      </p_RootComponentInterface>
    </rootBlockDiagramInterface>
    <simulinkFunctions type="ModelRefInfoRepo.SimulinkFunctions" uuid="c29da2e1-ad68-4974-b10c-ccac48399b2e">
      <compSimulinkFunctionCatalog></compSimulinkFunctionCatalog>
    </simulinkFunctions>
    <sltpContext type="sltp.mm.core.Context" uuid="16bca9b2-34c5-4386-8a46-be72f668b731">
      <globalData type="sltp.mm.core.GlobalData" uuid="c60b660c-f923-4a8f-970f-cf05731c0879">
        <dataName>portAutomaticTransmissionSelectorState</dataName>
        <type>RootInport</type>
      </globalData>
      <globalData type="sltp.mm.core.GlobalData" uuid="b62b46f3-cdf0-48c9-95a8-8c8117f6efcd">
        <dataName>portAutomaticTransmissionState</dataName>
        <type>RootOutport</type>
      </globalData>
      <globalData type="sltp.mm.core.GlobalData" uuid="a0af6ffa-d09d-4525-86f0-8d236df177c0">
        <dataName>portAutomaticTrasmissionSelectorState</dataName>
        <type>RootInport</type>
      </globalData>
      <globalData type="sltp.mm.core.GlobalData" uuid="68047145-f241-4711-b09e-68f4676f7054">
        <dataName>portAutomatic_Transmission_State</dataName>
        <type>RootOutport</type>
      </globalData>
      <globalData type="sltp.mm.core.GlobalData" uuid="3c10b942-8b94-433f-84d6-5732ec924297">
        <dataName>portBrakePedalPressed</dataName>
        <type>RootInport</type>
      </globalData>
      <globalData type="sltp.mm.core.GlobalData" uuid="c624dc91-63ae-4b70-94a3-93c52d909d4e">
        <dataName>portBrakePedalPressed1</dataName>
        <type>RootInport</type>
      </globalData>
      <globalData type="sltp.mm.core.GlobalData" uuid="b9eca31d-b885-42eb-b575-156285a49d8b">
        <dataName>portBrakePedalPressed_Backup</dataName>
        <type>RootInport</type>
      </globalData>
      <globalData type="sltp.mm.core.GlobalData" uuid="db1824cc-20ab-4982-a936-0d5d2cb5cb4a">
        <dataName>portError</dataName>
        <type>RootOutport</type>
      </globalData>
      <globalData type="sltp.mm.core.GlobalData" uuid="2f24c838-f8c4-472d-b6cb-646ddd26b3b4">
        <dataName>portError_DO</dataName>
        <type>RootOutport</type>
      </globalData>
      <globalData type="sltp.mm.core.GlobalData" uuid="5299e43c-343e-4b1f-929c-85be4ab3071e">
        <dataName>portHFP_DO</dataName>
        <type>RootOutport</type>
      </globalData>
      <globalData type="sltp.mm.core.GlobalData" uuid="42e89a2e-11de-4f96-bd06-ef7ba377e80b">
        <dataName>portInput</dataName>
        <type>RootInport</type>
      </globalData>
      <globalData type="sltp.mm.core.GlobalData" uuid="b7069776-ce9d-4d56-9500-79dc7cb133d0">
        <dataName>portLFP_DO</dataName>
        <type>RootOutport</type>
      </globalData>
      <globalData type="sltp.mm.core.GlobalData" uuid="9de6afcf-5dea-4ff1-a8b4-5bfc4bdd7c8c">
        <dataName>portLevel_cm</dataName>
        <type>RootInport</type>
      </globalData>
      <globalData type="sltp.mm.core.GlobalData" uuid="2956bd84-7a69-4b64-9802-281393d9f7fb">
        <dataName>portOut_Flow_cm3_s</dataName>
        <type>RootInport</type>
      </globalData>
      <globalData type="sltp.mm.core.GlobalData" uuid="2ec105c1-f276-47c0-a4f6-dd917a574e5f">
        <dataName>portOut_Flow_m3_s</dataName>
        <type>RootInport</type>
      </globalData>
      <globalData type="sltp.mm.core.GlobalData" uuid="4f18b789-b855-4525-8fea-3e530a41469c">
        <dataName>portThrottlePedalPosition</dataName>
        <type>RootInport</type>
      </globalData>
      <globalData type="sltp.mm.core.GlobalData" uuid="09e80d01-63d1-4384-bc78-f502fa0e0a21">
        <dataName>portThrottlePedalPosition_Backup</dataName>
        <type>RootInport</type>
      </globalData>
      <globalData type="sltp.mm.core.GlobalData" uuid="98b39098-5940-45f4-bf16-dca239b1f703">
        <dataName>portTorqueRequest_Nm</dataName>
        <type>RootOutport</type>
      </globalData>
      <globalData type="sltp.mm.core.GlobalData" uuid="2d0f9697-764e-476a-960b-5c3231843e60">
        <dataName>portTorque_request_Nm</dataName>
        <type>RootOutport</type>
      </globalData>
      <globalData type="sltp.mm.core.GlobalData" uuid="612a4134-1e98-40f8-904b-3294a94f5bd1">
        <dataName>portVehicleSpeed_km_h</dataName>
        <type>RootInport</type>
      </globalData>
      <priorityDirection>HighNumberLast</priorityDirection>
      <editorState type="sltp.mm.core.EditorState" uuid="a3c4ec6a-7855-463f-baf4-fe367fe33e4d">
        <isSynchronized>true</isSynchronized>
        <panelState type="sltp.mm.core.EditorPanelState" uuid="edf6590e-e711-4558-8d24-67e4e3cfa886"/>
      </editorState>
      <rootTask type="sltp.mm.core.Task" uuid="73736f0a-bbf8-4fd7-b427-07e5105f4d3a">
        <context type="sltp.mm.core.Context" uuid="16bca9b2-34c5-4386-8a46-be72f668b731"/>
        <explicit>false</explicit>
        <name>Default</name>
        <priority>-2147483648</priority>
        <subgraph type="sltp.mm.core.Graph" uuid="76128bfa-78e9-4036-b288-21f77bcdfff5">
          <tasks type="sltp.mm.core.Task" uuid="f7e59f55-75a3-4681-a39a-98e57a80d318">
            <context type="sltp.mm.core.Context" uuid="16bca9b2-34c5-4386-8a46-be72f668b731"/>
            <explicit>false</explicit>
            <id>1</id>
            <isTimed>true</isTimed>
            <name>D1</name>
            <priority>40</priority>
            <rates type="sltp.mm.core.Rate" uuid="1c518da3-7810-43f0-a01e-a24accd3265f">
              <annotation>D1</annotation>
              <color>-436207361</color>
              <hasBlocks>true</hasBlocks>
              <identifier>ClassicPeriodicDiscrete0.010</identifier>
              <rateSpec type="sltp.mm.core.RateSpec">
                <period>.01</period>
              </rateSpec>
              <sti>0</sti>
            </rates>
          </tasks>
        </subgraph>
      </rootTask>
    </sltpContext>
    <stateWriterToOwnerMap type="ModelRefInfoRepo.StateWriterInfo" uuid="8440645d-9421-45ff-ba8d-662f792ff4f8"/>
    <stoClientDataRegistry type="sto.ClientDataRegistry" uuid="8ab1d0af-ee65-4ff8-b144-e743fd0f57ed">
      <dataSets type="sto.ClientClockNamedDataSet" uuid="95dc03c9-0cbc-4dc6-b598-6681a15452f1">
        <tag>sltpEvents</tag>
      </dataSets>
      <dataSets type="sto.ClientTaskHierarchyElementNamedDataSet" uuid="cdeb2374-b994-4074-82fc-7ed72f922664">
        <tag>sltpTaskGroups</tag>
      </dataSets>
      <dataSets type="sto.ClientTaskHierarchyElementNamedDataSet" uuid="78eb49c7-402b-4a08-95ae-efeedd065eb7">
        <dSet type="ModelRefInfoRepo.SltpTaskData" uuid="e9abee5e-44f9-4674-bba8-9f4e7e24fcf4"/>
        <tSet type="ModelRefInfoRepo.SltpTaskData" uuid="e9abee5e-44f9-4674-bba8-9f4e7e24fcf4">
          <dataName>D1</dataName>
          <linkedSet type="sto.ClientTaskHierarchyElementNamedDataSet" uuid="78eb49c7-402b-4a08-95ae-efeedd065eb7"/>
          <id type="sto.TaskHierarchyElementId">
            <id>_task0</id>
          </id>
        </tSet>
        <tag>sltpTasks</tag>
      </dataSets>
    </stoClientDataRegistry>
    <varTsUIDMap type="ModelRefInfoRepo.VarTsUIDMap" uuid="3922c4dd-37ec-446a-ba11-bb7819e25cf4"/>
  </ModelRefInfoRepo.ModelRefInfoRoot>
</MF0>